#Time stamp (microseconds),Machine ID,Event type (0-ADD 1-REMOVE 2-UPDATE),Platform ID,capacity:CPU (%),capacity:memory (%)
0,10,0,LGzk1Or/8Ildj2+Lqv0U82NLoni8+J/Yy0U=,0.5,0.2493
0,20,0,LGzk1Or/8Ildj2+Lqv0U82NLoni8+J/Yy0U=,0.5,0.2493
0,30,0,LGzk1Or/8Ildj2+Lqv0U82NLoni8+J/Yy0U=,0.5,0.2493
0,40,0,LGzk1Or/8Ildj2+Lqv0U82NLoni8+J/Yy0U=,0.5,0.2493
10000,50,0,LGzk1Or/8Ildj2+Lqv0U82NLoni8+J/Yy0U=,0.5,0.2493
10000,60,0,LGzk1Or/8Ildj2+Lqv0U82NLoni8+J/Yy0U=,0.5,0.2493
30000,30,1,LGzk1Or/8Ildj2+Lqv0U82NLoni8+J/Yy0U=,0.5,0.2493
50000,30,0,LGzk1Or/8Ildj2+Lqv0U82NLoni8+J/Yy0U=,0.5,0.2493